Actor,Issue
OSU-SENR,WarmSeason
NOAA-OCM-OH,WarmSeason
OWCR,WarmSeason
FOWC,WarmSeason
NOAA-NERRS,WarmSeason
AA,WarmSeason
TNC-OH,WarmSeason
OSU-CMSC,WarmSeason
OSU-OARDC,WarmSeason
USDA-NRCS,WarmSeason
ODA-SWC,WarmSeason
USFS,WarmSeason
USDA,WarmSeason
ODNR-DWR,WarmSeason
TPL,WarmSeason
OSU-CFAES,WarmSeason
LEAP,WarmSeason
OSU-CC,WarmSeason
NPN,WarmSeason
MCAF-OH,WarmSeason
Au-OH,WarmSeason
Ccent,WarmSeason
UCS,WarmSeason
EarthJ,WarmSeason
RSWCD,WarmSeason
OSU-E,WarmSeason
USDA-MCH,WarmSeason
OSU-BPCRC,WarmSeason
OEMA,WarmSeason
FEMA,WarmSeason
HWO,WarmSeason
GLOS,WarmSeason
Ltech,WarmSeason
OSU-SCOO,WarmSeason
MRCC,WarmSeason
GLBFHP,WarmSeason
OSU-CWC,WarmSeason
CC-DS,WarmSeason
SHI,WarmSeason
OU-DEPB,WarmSeason
ODNR,WarmSeason
OFMA,WarmSeason
SurfF,WarmSeason
CNP,WarmSeason
OSU-SENR,SoilErosion
NOAA-OCM-OH,SoilErosion
ODNR-OCM,SoilErosion
AA,SoilErosion
ODNR-DF,SoilErosion
OSU-CMSC,SoilErosion
OSU-CURA,SoilErosion
OSU-OARDC,SoilErosion
BHRCD,SoilErosion
USDA-NRCS,SoilErosion
ODA-SWC,SoilErosion
FairfieldSWCD,SoilErosion
USDA,SoilErosion
OSU-CFAES,SoilErosion
ODNR-DGS,SoilErosion
NASA-LWC,SoilErosion
BCC,SoilErosion
CuyahogaSWCD,SoilErosion
AshtabulaSWCD,SoilErosion
GeaugaSWCD,SoilErosion
LakeSWCD,SoilErosion
PortageSWCD,SoilErosion
TrumbullSWCD,SoilErosion
RSWCD,SoilErosion
JSWCD,SoilErosion
OSU-E,SoilErosion
AFF,SoilErosion
WashingtonSWCD,SoilErosion
USDA-MCH,SoilErosion
MuskSWCD,SoilErosion
COF,SoilErosion
FranklinSWCD,SoilErosion
WP&R,SoilErosion
OSU-WF,SoilErosion
OEMA,SoilErosion
ButlerSWD,SoilErosion
StarkSWCD,SoilErosion
OFSWCD,SoilErosion
NACD,SoilErosion
OSWCC,SoilErosion
AdamsSWCD,SoilErosion
AllenSWCD,SoilErosion
AshlandSWCD,SoilErosion
AuglaizeSWCD,SoilErosion
BelmontSWCD,SoilErosion
BrownSWCD,SoilErosion
ButlerSWCD,SoilErosion
CarrollSWCD,SoilErosion
ChampaignSWCD,SoilErosion
ClarkSWCD,SoilErosion
ClermontSWCD,SoilErosion
ClintonSWCD,SoilErosion
ColumbianaSWCD,SoilErosion
CoshoctonSWCD,SoilErosion
DarkeSWCD,SoilErosion
DefianceSWCD,SoilErosion
ErieSWCD,SoilErosion
FayetteSWCD,SoilErosion
FultonSWCD,SoilErosion
GalliaSWCD,SoilErosion
GreeneSWCD,SoilErosion
GuernseySWCD,SoilErosion
HancockSWCD,SoilErosion
HardinSWCD,SoilErosion
HarrisonSWCD,SoilErosion
HenrySWCD,SoilErosion
HighlandSWCD,SoilErosion
HolmesSWCD,SoilErosion
HuronSWCD,SoilErosion
GLBFHP,SoilErosion
SHI,SoilErosion
ODNR,SoilErosion
OSU-SENR,PestsPath
ODNR-DF,PestsPath
OSU-CMSC,PestsPath
OSU-CURA,PestsPath
OSU-OARDC,PestsPath
USDA-NRCS,PestsPath
USFS,PestsPath
USDA,PestsPath
OSU-CFAES,PestsPath
NASA-LWC,PestsPath
LEAP,PestsPath
OSU-CC,PestsPath
NPN,PestsPath
USDA-MCH,PestsPath
OSU-WF,PestsPath
ButlerSWCD,PestsPath
MRCC,PestsPath
OU-DEPB,PestsPath
ODNR,PestsPath
OSU-SENR,RisingTemps
OWCR,RisingTemps
FOWC,RisingTemps
NOAA-NERRS,RisingTemps
TNC-OH,RisingTemps
OSU-CMSC,RisingTemps
OSU-OARDC,RisingTemps
USDA-NRCS,RisingTemps
USFS,RisingTemps
USDA,RisingTemps
TPL,RisingTemps
OSU-CFAES,RisingTemps
LEAP,RisingTemps
OSU-CC,RisingTemps
NPN,RisingTemps
Au-OH,RisingTemps
Ccent,RisingTemps
UCS,RisingTemps
EarthJ,RisingTemps
USDA-MCH,RisingTemps
OSU-BPCRC,RisingTemps
FEMA,RisingTemps
GLOS,RisingTemps
OSU-SCOO,RisingTemps
MRCC,RisingTemps
GLBFHP,RisingTemps
OSU-CWC,RisingTemps
CC-DS,RisingTemps
SHI,RisingTemps
OU-DEPB,RisingTemps
ODNR,RisingTemps
SurfF,RisingTemps
CNP,RisingTemps
OSU-SENR,TreeManagement
ODNR-OCM,TreeManagement
ODNR-DF,TreeManagement
OSU-OARDC,TreeManagement
USFS,TreeManagement
FairfieldSWCD,TreeManagement
OSU-CFAES,TreeManagement
LEAP,TreeManagement
PortageSWCD,TreeManagement
TrumbullSWCD,TreeManagement
OSU-E,TreeManagement
AFF,TreeManagement
WashingtonSWCD,TreeManagement
MuskSWCD,TreeManagement
NACD,TreeManagement
AdamsSWCD,TreeManagement
BelmontSWCD,TreeManagement
ColumbianaSWCD,TreeManagement
GalliaSWCD,TreeManagement
HarrisonSWCD,TreeManagement
HolmesSWCD,TreeManagement
CC-DS,TreeManagement
OU-DEPB,TreeManagement
ODNR,TreeManagement
OSU-SENR,Forests
ODNR-DF,Forests
OSU-OARDC,Forests
USFS,Forests
FairfieldSWCD,Forests
OSU-CFAES,Forests
LEAP,Forests
LakeSWCD,Forests
OSU-E,Forests
AFF,Forests
NACD,Forests
OU-DEPB,Forests
ODNR,Forests
OSU-SENR,LandUse
NOAA-OCM-OH,LandUse
OWCR,LandUse
FOWC,LandUse
NOAA-NERRS,LandUse
ODNR-OCM,LandUse
AA,LandUse
TNC-OH,LandUse
ODNR-DF,LandUse
OSU-CURA,LandUse
OSU-OARDC,LandUse
USDA-NRCS,LandUse
USFS,LandUse
USDA,LandUse
OSU-CFAES,LandUse
ODNR-DGS,LandUse
NASA-LWC,LandUse
LEAP,LandUse
LakeSWCD,LandUse
PortageSWCD,LandUse
TrumbullSWCD,LandUse
Au-OH,LandUse
EarthJ,LandUse
OSU-E,LandUse
AFF,LandUse
WashingtonSWCD,LandUse
USDA-MCH,LandUse
COF,LandUse
FranklinSWCD,LandUse
NACD,LandUse
ClermontSWCD,LandUse
ErieSWCD,LandUse
GreeneSWCD,LandUse
GLBFHP,LandUse
OSU-CWC,LandUse
SHI,LandUse
OU-DEPB,LandUse
ODNR,LandUse
OFMA,LandUse
OSU-SENR,HabitatLoss
NOAA-OCM-OH,HabitatLoss
OWCR,HabitatLoss
FOWC,HabitatLoss
NOAA-NERRS,HabitatLoss
ODNR-OCM,HabitatLoss
TNC-OH,HabitatLoss
OSU-OARDC,HabitatLoss
USDA-NRCS,HabitatLoss
USFS,HabitatLoss
USDA,HabitatLoss
OSU-CFAES,HabitatLoss
NASA-LWC,HabitatLoss
BCC,HabitatLoss
LakeSWCD,HabitatLoss
OSU-CC,HabitatLoss
NPN,HabitatLoss
Au-OH,HabitatLoss
UCS,HabitatLoss
EarthJ,HabitatLoss
JSWCD,HabitatLoss
OSU-E,HabitatLoss
AFF,HabitatLoss
WashingtonSWCD,HabitatLoss
USDA-MCH,HabitatLoss
COF,HabitatLoss
FranklinSWCD,HabitatLoss
WP&R,HabitatLoss
NACD,HabitatLoss
ButlerSWCD,HabitatLoss
ClermontSWCD,HabitatLoss
DarkeSWCD,HabitatLoss
DefianceSWCD,HabitatLoss
ErieSWCD,HabitatLoss
HancockSWCD,HabitatLoss
HardinSWCD,HabitatLoss
HenrySWCD,HabitatLoss
HighlandSWCD,HabitatLoss
GLOS,HabitatLoss
Ltech,HabitatLoss
GLBFHP,HabitatLoss
SHI,HabitatLoss
OU-DEPB,HabitatLoss
ODNR,HabitatLoss
OSU-SENR,WaterQuality
NOAA-OCM-OH,WaterQuality
ODNR-OCM,WaterQuality
ODNR-DF,WaterQuality
OSU-OARDC,WaterQuality
USDA-NRCS,WaterQuality
ODA-SWC,WaterQuality
FairfieldSWCD,WaterQuality
USDA,WaterQuality
ODNR-DWR,WaterQuality
TPL,WaterQuality
OSU-CFAES,WaterQuality
NASA-LWC,WaterQuality
BCC,WaterQuality
CuyahogaSWCD,WaterQuality
AshtabulaSWCD,WaterQuality
GeaugaSWCD,WaterQuality
LakeSWCD,WaterQuality
PortageSWCD,WaterQuality
TrumbullSWCD,WaterQuality
OSU-CC,WaterQuality
Au-OH,WaterQuality
UCS,WaterQuality
RSWCD,WaterQuality
AFF,WaterQuality
USDA-MCH,WaterQuality
MuskSWCD,WaterQuality
FranklinSWCD,WaterQuality
ButlerSWD,WaterQuality
StarkSWCD,WaterQuality
OFSWCD,WaterQuality
NACD,WaterQuality
OSWCC,WaterQuality
HWO,WaterQuality
AllenSWCD,WaterQuality
AshlandSWCD,WaterQuality
BrownSWCD,WaterQuality
ButlerSWCD,WaterQuality
CarrollSWCD,WaterQuality
ClarkSWCD,WaterQuality
ClermontSWCD,WaterQuality
ClintonSWCD,WaterQuality
DarkeSWCD,WaterQuality
DefianceSWCD,WaterQuality
ErieSWCD,WaterQuality
GalliaSWCD,WaterQuality
HancockSWCD,WaterQuality
HardinSWCD,WaterQuality
HarrisonSWCD,WaterQuality
HenrySWCD,WaterQuality
HolmesSWCD,WaterQuality
GLOS,WaterQuality
Ltech,WaterQuality
GLBFHP,WaterQuality
OSU-CWC,WaterQuality
SHI,WaterQuality
OU-DEPB,WaterQuality
ODNR,WaterQuality
OFMA,WaterQuality
SurfF,WaterQuality
OSU-SENR,Nutrients
OWCR,Nutrients
FOWC,Nutrients
ODNR-OCM,Nutrients
AA,Nutrients
OSU-OARDC,Nutrients
USDA-NRCS,Nutrients
ODA-SWC,Nutrients
ODNR-DWR,Nutrients
OSU-CFAES,Nutrients
CuyahogaSWCD,Nutrients
AshtabulaSWCD,Nutrients
GeaugaSWCD,Nutrients
LakeSWCD,Nutrients
PortageSWCD,Nutrients
TrumbullSWCD,Nutrients
OSU-CC,Nutrients
UCS,Nutrients
RSWCD,Nutrients
USDA-MCH,Nutrients
COF,Nutrients
OFSWCD,Nutrients
NACD,Nutrients
HWO,Nutrients
AllenSWCD,Nutrients
AuglaizeSWCD,Nutrients
ButlerSWCD,Nutrients
CarrollSWCD,Nutrients
ChampaignSWCD,Nutrients
ClermontSWCD,Nutrients
DefianceSWCD,Nutrients
FultonSWCD,Nutrients
GuernseySWCD,Nutrients
HardinSWCD,Nutrients
HighlandSWCD,Nutrients
HolmesSWCD,Nutrients
GLOS,Nutrients
Ltech,Nutrients
GLBFHP,Nutrients
SHI,Nutrients
OU-DEPB,Nutrients
ODNR,Nutrients
OSU-SENR,Invasives
OWCR,Invasives
FOWC,Invasives
ODNR-OCM,Invasives
TNC-OH,Invasives
ODNR-DF,Invasives
OSU-OARDC,Invasives
USDA-NRCS,Invasives
USFS,Invasives
FairfieldSWCD,Invasives
USDA,Invasives
OSU-CFAES,Invasives
NPN,Invasives
OSU-E,Invasives
AFF,Invasives
USDA-MCH,Invasives
COF,Invasives
WP&R,Invasives
OEMA,Invasives
NACD,Invasives
BelmontSWCD,Invasives
ButlerSWCD,Invasives
ClermontSWCD,Invasives
GalliaSWCD,Invasives
GuernseySWCD,Invasives
GLOS,Invasives
GLBFHP,Invasives
OU-DEPB,Invasives
ODNR,Invasives
OSU-SENR,RestorNatSyst
NOAA-NERRS,RestorNatSyst
ODNR-OCM,RestorNatSyst
TNC-OH,RestorNatSyst
OSU-OARDC,RestorNatSyst
USFS,RestorNatSyst
OSU-CFAES,RestorNatSyst
LEAP,RestorNatSyst
BCC,RestorNatSyst
CuyahogaSWCD,RestorNatSyst
Au-OH,RestorNatSyst
JSWCD,RestorNatSyst
COF,RestorNatSyst
WP&R,RestorNatSyst
ButlerSWCD,RestorNatSyst
ChampaignSWCD,RestorNatSyst
ClermontSWCD,RestorNatSyst
ErieSWCD,RestorNatSyst
HardinSWCD,RestorNatSyst
Ltech,RestorNatSyst
GLBFHP,RestorNatSyst
OU-DEPB,RestorNatSyst
ODNR,RestorNatSyst
OSU-SENR,GreenInfrast
NOAA-OCM-OH,GreenInfrast
NOAA-NERRS,GreenInfrast
OSU-OARDC,GreenInfrast
TPL,GreenInfrast
CuyahogaSWCD,GreenInfrast
LakeSWCD,GreenInfrast
OSU-CC,GreenInfrast
FranklinSWCD,GreenInfrast
HWO,GreenInfrast
AllenSWCD,GreenInfrast
AuglaizeSWCD,GreenInfrast
ButlerSWCD,GreenInfrast
CarrollSWCD,GreenInfrast
ClarkSWCD,GreenInfrast
ClermontSWCD,GreenInfrast
DarkeSWCD,GreenInfrast
Ltech,GreenInfrast
OFMA,GreenInfrast
OSU-SENR,AirQuality
ODNR-OCM,AirQuality
TNC-OH,AirQuality
OSU-CMSC,AirQuality
OSU-OARDC,AirQuality
BHRCD,AirQuality
USDA-NRCS,AirQuality
OSU-CC,AirQuality
MCAF-OH,AirQuality
UCS,AirQuality
EarthJ,AirQuality
OSU-BPCRC,AirQuality
NACD,AirQuality
ODNR,AirQuality
OSU-OARDC,Health
OSU-CC,Health
NPN,Health
MCAF-OH,Health
Ccent,Health
UCS,Health
EarthJ,Health
OEMA,Health
FEMA,Health
GLOS,Health
FairfieldSWCD,StormWater
ODNR-DWR,StormWater
CuyahogaSWCD,StormWater
AshtabulaSWCD,StormWater
LakeSWCD,StormWater
PortageSWCD,StormWater
TrumbullSWCD,StormWater
OSU-CC,StormWater
RSWCD,StormWater
WashingtonSWCD,StormWater
FranklinSWCD,StormWater
WP&R,StormWater
FEMA,StormWater
ButlerSWD,StormWater
StarkSWCD,StormWater
OFSWCD,StormWater
NACD,StormWater
HWO,StormWater
AllenSWCD,StormWater
ButlerSWCD,StormWater
ClarkSWCD,StormWater
DarkeSWCD,StormWater
ErieSWCD,StormWater
HancockSWCD,StormWater
HardinSWCD,StormWater
HenrySWCD,StormWater
Ltech,StormWater
ODNR,StormWater
OFMA,StormWater
CNP,StormWater
OSU-CURA,Transportation
TPL,Transportation
COF,Transportation
WP&R,Transportation
FEMA,Transportation
CC-DS,Transportation
OSU-SENR,VulnerableComms
NOAA-OCM-OH,VulnerableComms
NOAA-NERRS,VulnerableComms
OSU-OARDC,VulnerableComms
ODNR-DWR,VulnerableComms
TPL,VulnerableComms
OSU-CFAES,VulnerableComms
OSU-CC,VulnerableComms
NPN,VulnerableComms
MCAF-OH,VulnerableComms
UCS,VulnerableComms
EarthJ,VulnerableComms
MuskSWCD,VulnerableComms
OEMA,VulnerableComms
FEMA,VulnerableComms
GLOS,VulnerableComms
OSU-CWC,VulnerableComms
ODNR,VulnerableComms
OFMA,VulnerableComms
CNP,VulnerableComms
FOWC,Recreation
TNC-OH,Recreation
USFS,Recreation
TPL,Recreation
OSU-CFAES,Recreation
Au-OH,Recreation
JSWCD,Recreation
COF,Recreation
FranklinSWCD,Recreation
WP&R,Recreation
OFSWCD,Recreation
AdamsSWCD,Recreation
ButlerSWCD,Recreation
DefianceSWCD,Recreation
CC-DS,Recreation
ODNR,Recreation
SurfF,Recreation
CNP,Recreation