send,receive
OSU-SENR,Au-OH
OSU-SENR,AA
OSU-SENR,BCC
NOAA-OCM-OH,FOWC
NOAA-OCM-OH,TNC-OH
OWCR,OFSWCD
FOWC,TPL
NOAA-NERRS,TNC-OH
ODNR-OCM,TPL
ODNR-OCM,USFS
ODNR-OCM,OSU-CFAES
ODNR-OCM,ODNR
AA,ODNR-OCM
AA,ErieSWCD
TNC-OH,OSU-SENR
TNC-OH,OSU-OARDC
TNC-OH,OSU-CFAES
ODNR-DF,GLOS
OSU-CMSC,Ltech
OSU-CMSC,OSU-CFAES
OSU-CURA,ErieSWCD
OSU-CURA,OWCR
OSU-OARDC,NOAA-OCM-OH
OSU-OARDC,OWCR
OSU-OARDC,OWCR
BHRCD,NOAA-OCM-OH
BHRCD,NOAA-NERRS
USDA-NRCS,OWCR
USDA-NRCS,AA
USDA-NRCS,OSU-CFAES
ODA-SWC,AA
USFS,ODNR-DF
USFS,TNC-OH
FairfieldSWCD,Au-OH
FairfieldSWCD,ClermontSWCD
FairfieldSWCD,OSU-E
FairfieldSWCD,OSU-CFAES
FairfieldSWCD,OSU-CMSC
FairfieldSWCD,OSU-E
FairfieldSWCD,OSU-CFAES
USDA,OSU-BPCRC
USDA,OSU-CMSC
USDA,OSU-SENR
USDA,OSU-OARDC
ODNR-DWR,OSU-OARDC
TPL,BHRCD
TPL,USDA-NRCS
TPL,ODA-SWC
TPL,USFS
OSU-CFAES,FairfieldSWCD
OSU-CFAES,TNC-OH
ODNR-DGS,OSU-CFAES
NASA-LWC,OSU-SENR
LEAP,FairfieldSWCD
LEAP,USFS
LEAP,USDA
LEAP,OSU-SENR
LEAP,ODNR-DGS
LEAP,LEAP
LEAP,BHRCD
LEAP,ODNR-DWR
LEAP,USDA
LEAP,ODNR-DWR
LEAP,USFS
LEAP,USDA-NRCS
LEAP,USDA-MCH
LEAP,USDA-NRCS
LEAP,USFS
LEAP,TPL
LEAP,OSU-SENR
LEAP,OSU-OARDC
LEAP,ODNR
LEAP,ODA-SWC
LEAP,ODNR
LEAP,ODNR
LEAP,BCC
LEAP,CuyahogaSWCD
LEAP,LakeSWCD
LEAP,TNC-OH
LEAP,TPL
LEAP,Au-OH
LEAP,LEAP
LEAP,CuyahogaSWCD
LEAP,Au-OH
LEAP,LEAP
LEAP,CuyahogaSWCD
LEAP,Au-OH
LEAP,AshtabulaSWCD
LEAP,GeaugaSWCD
BCC,LakeSWCD
BCC,PortageSWCD
BCC,TrumbullSWCD
BCC,OFSWCD
BCC,GeaugaSWCD
BCC,LakeSWCD
BCC,PortageSWCD
BCC,TrumbullSWCD
BCC,OFSWCD
BCC,LakeSWCD
BCC,PortageSWCD
BCC,TrumbullSWCD
BCC,USDA-NRCS
BCC,OFSWCD
BCC,PortageSWCD
BCC,TrumbullSWCD
BCC,OFSWCD
BCC,USDA-NRCS
BCC,ODA-SWC
BCC,ODNR-OCM
BCC,TrumbullSWCD
BCC,OFSWCD
BCC,USDA-NRCS
BCC,OSU-E
BCC,ODNR
BCC,TrumbullSWCD
CuyahogaSWCD,OFSWCD
CuyahogaSWCD,OFSWCD
CuyahogaSWCD,USDA-NRCS
CuyahogaSWCD,OSU-E
CuyahogaSWCD,OSU-SENR
CuyahogaSWCD,OSU-CFAES
CuyahogaSWCD,OSU-BPCRC
CuyahogaSWCD,OSU-OARDC
AshtabulaSWCD,OSU-CWC
AshtabulaSWCD,CuyahogaSWCD
AshtabulaSWCD,LEAP
AshtabulaSWCD,Au-OH
AshtabulaSWCD,UCS
AshtabulaSWCD,Ccent
GeaugaSWCD,MCAF-OH
GeaugaSWCD,MCAF-OH
GeaugaSWCD,MCAF-OH
GeaugaSWCD,MCAF-OH
GeaugaSWCD,MCAF-OH
GeaugaSWCD,MCAF-OH
LakeSWCD,MCAF-OH
LakeSWCD,MCAF-OH
LakeSWCD,MCAF-OH
LakeSWCD,MCAF-OH
LakeSWCD,OSU-E
LakeSWCD,MCAF-OH
LakeSWCD,MCAF-OH
LakeSWCD,MCAF-OH
LakeSWCD,UCS
LakeSWCD,MCAF-OH
LakeSWCD,MCAF-OH
LakeSWCD,EarthJ
LakeSWCD,MCAF-OH
LakeSWCD,USDA-NRCS
LakeSWCD,ODNR-DF
LakeSWCD,RSWCD
LakeSWCD,ODNR-DF
PortageSWCD,OSU-E
PortageSWCD,AFF
PortageSWCD,OSU-E
PortageSWCD,JSWCD
PortageSWCD,USDA-NRCS
PortageSWCD,OSU-CFAES
PortageSWCD,USDA-NRCS
PortageSWCD,OSU-E
TrumbullSWCD,ODNR-DF
TrumbullSWCD,ODA-SWC
OSU-CC,OSU-CFAES
OSU-CC,OSU-SENR
OSU-CC,OSU-SENR
OSU-CC,OSU-CFAES
OSU-CC,OSU-E
OSU-CC,USFS
OSU-CC,TNC-OH
OSU-CC,USFS
NPN,OSU-E
MCAF-OH,OSU-CFAES
MCAF-OH,OSU-CFAES
MCAF-OH,USDA-NRCS
MCAF-OH,OSU-SENR
MCAF-OH,TNC-OH
MCAF-OH,TPL
MCAF-OH,COF
MCAF-OH,OFSWCD
MCAF-OH,ODA-SWC
MCAF-OH,USDA-NRCS
MCAF-OH,OSU-CFAES
MCAF-OH,OFSWCD
MCAF-OH,USDA-NRCS
MCAF-OH,USDA
MCAF-OH,USDA-NRCS
MCAF-OH,USFS
MCAF-OH,USDA-NRCS
MCAF-OH,OSU-E
Au-OH,MuskSWCD
Ccent,OSU-SENR
UCS,OSU-CFAES
UCS,Au-OH
EarthJ,OSU-E
EarthJ,ODNR-DF
EarthJ,FranklinSWCD
RSWCD,OFSWCD
RSWCD,ODA-SWC
RSWCD,FranklinSWCD
RSWCD,OSU-SENR
JSWCD,ButlerSWCD
JSWCD,USDA
JSWCD,ODA-SWC
OSU-E,OSU-E
OSU-E,TPL
OSU-E,COF
OSU-E,TPL
OSU-E,FairfieldSWCD
AFF,USDA-NRCS
WashingtonSWCD,COF
WashingtonSWCD,TPL
USDA-MCH,TNC-OH
USDA-MCH,ODNR
MuskSWCD,COF
MuskSWCD,CuyahogaSWCD
MuskSWCD,BelmontSWCD
MuskSWCD,USDA-NRCS
COF,USDA
COF,TNC-OH
COF,Au-OH
COF,OSU-CFAES
COF,OSU-SENR
COF,OSU-E
COF,ODA-SWC
OSU-BPCRC,USDA-NRCS
OSU-BPCRC,Au-OH
FranklinSWCD,OSU-SCOO
FranklinSWCD,ODA-SWC
FranklinSWCD,OSU-E
WP&R,OSU-OARDC
WP&R,OSU-CFAES
WP&R,OSU-WF
OSU-WF,USDA-NRCS
OSU-WF,OFSWCD
OEMA,OSU-CFAES
OEMA,USDA-NRCS
OEMA,ODNR
OEMA,FEMA
OEMA,FranklinSWCD
OEMA,OSU-SENR
FEMA,ODA-SWC
ButlerSWD,ODNR
ButlerSWD,USDA-NRCS
StarkSWCD,OSU-E
OFSWCD,OEMA
OFSWCD,COF
OFSWCD,ODNR
OFSWCD,TNC-OH
OFSWCD,FEMA
OFSWCD,ODNR
NACD,OEMA
NACD,TNC-OH
NACD,TPL
NACD,OSU-SENR
NACD,FranklinSWCD
NACD,ButlerSWD
OSWCC,ButlerSWCD
OSWCC,UCS
OSWCC,ButlerSWD
OSWCC,ClermontSWCD
OSWCC,OSU-E
HWO,OSU-SENR
HWO,LakeSWCD
HWO,TPL
HWO,OFSWCD
AdamsSWCD,ODA-SWC
AllenSWCD,USDA-NRCS
AshlandSWCD,NACD
AshlandSWCD,OSWCC
AshlandSWCD,OFSWCD
AuglaizeSWCD,USFS
BelmontSWCD,USDA-NRCS
BrownSWCD,SHI
BrownSWCD,OFSWCD
ButlerSWCD,ODA-SWC
ButlerSWCD,OSU-CFAES
ButlerSWCD,ODNR
ButlerSWCD,OFSWCD
ButlerSWCD,OSU-CFAES
CarrollSWCD,TNC-OH
CarrollSWCD,OFSWCD
CarrollSWCD,TNC-OH
CarrollSWCD,ODA-SWC
ChampaignSWCD,USDA
ChampaignSWCD,USDA-NRCS
ChampaignSWCD,OSU-CFAES
ChampaignSWCD,ODNR
ChampaignSWCD,OFSWCD
ChampaignSWCD,ODNR-DF
ClarkSWCD,TNC-OH
ClarkSWCD,TPL
ClarkSWCD,Au-OH
ClermontSWCD,COF
ClermontSWCD,OFSWCD
ClermontSWCD,OFSWCD
ClermontSWCD,OFSWCD
ClermontSWCD,ButlerSWD
ClermontSWCD,OFSWCD
ClermontSWCD,USDA-NRCS
ClintonSWCD,HarrisonSWCD
ColumbianaSWCD,OFSWCD
ColumbianaSWCD,USDA-NRCS
ColumbianaSWCD,OSU-E
CoshoctonSWCD,ODNR
CoshoctonSWCD,OFSWCD
CoshoctonSWCD,USDA-NRCS
CoshoctonSWCD,OFSWCD
CoshoctonSWCD,BrownSWCD
CoshoctonSWCD,ClintonSWCD
DarkeSWCD,HighlandSWCD
DarkeSWCD,USDA-NRCS
DefianceSWCD,OFSWCD
DefianceSWCD,OFSWCD
DefianceSWCD,ODNR-DF
ErieSWCD,USDA-NRCS
ErieSWCD,OFSWCD
ErieSWCD,USDA-NRCS
ErieSWCD,OSU-SENR
ErieSWCD,USFS
ErieSWCD,ODNR
ErieSWCD,OFSWCD
FayetteSWCD,ODA-SWC
FayetteSWCD,OFSWCD
FultonSWCD,ODA-SWC
FultonSWCD,OFSWCD
FultonSWCD,FOWC
FultonSWCD,ODA-SWC
GalliaSWCD,OWCR
GalliaSWCD,OFSWCD
GreeneSWCD,USDA-NRCS
GuernseySWCD,OFSWCD
GuernseySWCD,USDA-NRCS
GuernseySWCD,ODA-SWC
HancockSWCD,OFSWCD
HancockSWCD,ODA-SWC
HancockSWCD,OFSWCD
HancockSWCD,OFSWCD
HancockSWCD,ODA-SWC
HancockSWCD,OSU-E
HancockSWCD,OFSWCD
HardinSWCD,USDA-NRCS
HardinSWCD,OFSWCD
HardinSWCD,ODA-SWC
HarrisonSWCD,USDA-NRCS
HarrisonSWCD,OFSWCD
HarrisonSWCD,USDA-NRCS
HarrisonSWCD,OFSWCD
HarrisonSWCD,CarrollSWCD
HarrisonSWCD,USDA-NRCS
HarrisonSWCD,OSU-E
HarrisonSWCD,ODNR
HarrisonSWCD,ODA-SWC
HenrySWCD,OFSWCD
HenrySWCD,USDA-NRCS
HighlandSWCD,OFSWCD
HighlandSWCD,USDA-NRCS
HighlandSWCD,OFSWCD
HolmesSWCD,ODA-SWC
HolmesSWCD,USDA-NRCS
HolmesSWCD,OFSWCD
HolmesSWCD,OFSWCD
HolmesSWCD,USDA-NRCS
HuronSWCD,BelmontSWCD
HuronSWCD,HarrisonSWCD
HuronSWCD,OSU-CFAES
GLOS,ODNR-DF
GLOS,CarrollSWCD
GLOS,OFSWCD
GLOS,OFSWCD
GLOS,USDA-NRCS
Ltech,OFSWCD
Ltech,ODA-SWC
OSU-SCOO,USDA-NRCS
OSU-SCOO,OSU-E
OSU-SCOO,OFSWCD
OSU-SCOO,ODNR
OSU-SCOO,OSU-E
MRCC,USDA-NRCS
MRCC,OFSWCD
MRCC,USDA-NRCS
MRCC,ODA-SWC
MRCC,OFSWCD
MRCC,USDA-NRCS
MRCC,OFSWCD
MRCC,ODNR
MRCC,OSU-E
GLBFHP,USDA-NRCS
OSU-CWC,OFSWCD
OSU-CWC,OFSWCD
OSU-CWC,USDA-NRCS
OSU-CWC,ODNR
CC-DS,OFSWCD
CC-DS,USDA-NRCS
CC-DS,OFSWCD
CC-DS,USDA-NRCS
CC-DS,OSU-E
CC-DS,ODA-SWC
CC-DS,OFSWCD
CC-DS,OSU-E
CC-DS,USDA-NRCS
CC-DS,ODNR-DF
CC-DS,OFSWCD
CC-DS,AA
CC-DS,USDA-NRCS
CC-DS,ODA-SWC
CC-DS,OSU-E
CC-DS,OFSWCD
CC-DS,OFSWCD
CC-DS,USDA-NRCS
SHI,OFSWCD
SHI,USDA-NRCS
SHI,ODA-SWC
SHI,OFSWCD
OFMA,USDA-NRCS
OFMA,OFSWCD
OFMA,OFSWCD
OFMA,USDA-NRCS
OFMA,OSU-E
OFMA,OFSWCD
OFMA,USDA-NRCS
OFMA,OFSWCD
OFMA,ODNR-DF
SurfF,OFSWCD
SurfF,USDA-NRCS
CNP,OFSWCD
CNP,OFSWCD
CNP,OFSWCD
CNP,USDA-NRCS
CNP,OFSWCD
CNP,USDA-NRCS